"","Var1","Var2","value"
"42","TP53","ATRX",0.63375062844581
"81","IDH1","EGFR",0.473937607647154
"102","TP53","CIC",0.47273083792704
"206","CIC","FUBP1",0.4116745485358
"341","IDH1","IDH2",0.402463263259573
"103","ATRX","CIC",0.37074916679853
"61","IDH1","PTEN",0.328276521285316
"21","IDH1","TP53",0.320153998020281
"161","IDH1","NF1",0.308845349766697
"84","PTEN","EGFR",0.282365913432145
