"","Var1","Var2","value"
"41","IDH1","ATRX",0.614031978969726
"351","FUBP1","IDH2",0.497142857142857
"315","CSMD3","SMARCA4",0.375473370179439
"21","IDH1","TP53",0.359902894865894
"206","CIC","FUBP1",0.348489586343436
"311","FUBP1","SMARCA4",0.348489586343436
"346","CIC","IDH2",0.348489586343436
"356","SMARCA4","IDH2",0.348489586343436
"42","TP53","ATRX",0.310744413948298
"331","FUBP1","GRIN2A",0.307988868073414
